,sig,cdi,longitude,latitude,depth,gap,official,dmin,nst,mmi,magnitude
0,657,7,167.158,-13.8814,192.955,25.0,0,7.177,114,4,6.5
1,775,8,-88.1265,12.814,69.727,40.0,0,0.679,92,6,6.5
2,899,7,-70.3731,-38.1911,171.371,28.0,0,1.634,70,5,6.6
3,860,6,-160.699,54.3844,32.571,36.0,0,0.907,173,6,7.2
4,820,0,-160.796,54.49,21.0,172.8,0,0.879451,79,5,7.3
5,802,5,-61.0955,20.0196,10.0,37.0,0,2.454,95,4,6.6
6,741,4,-174.937,-17.853,229.0,23.0,0,1.179,136,4,6.9
7,804,8,-177.208,-22.9824,167.404,24.0,0,2.59,85,6,7.2
8,733,6,-77.1231,8.8894,10.0,129.0,0,2.163,50,6,6.6
9,777,3,170.456,-23.0622,35.981,56.0,0,2.812,98,4,7.1
10,927,5,170.694,-23.2286,18.027,15.0,0,3.111,277,4,7.7
11,907,8,-174.608,-15.6002,210.097,17.0,0,3.631,111,6,7.6
12,670,0,178.424,-25.2657,598.467,50.0,0,5.123,52,2,6.6
13,838,9,98.5339,-0.781,15.462,58.0,0,2.282,70,7,7.1
14,777,8,-177.897,-30.0249,43.063,23.0,0,0.708,126,7,7.1
15,691,0,179.391,-22.2844,595.854,10.0,0,4.719,166,3,6.7
16,818,5,112.033,-6.0255,594.028,31.0,0,1.881,131,3,7.0
17,655,7,158.484,52.7772,105.631,30.0,0,0.266,104,6,6.5
18,781,7,143.155,-4.2924,62.603,31.0,0,6.45,105,7,7.0
19,656,4,-66.5108,-23.4797,209.976,33.0,0,1.622,97,4,6.5
20,1350,7,70.9787,36.5227,187.589,13.0,0,2.53,134,5,6.5
21,1159,9,-79.8001,-2.851,65.842,28.0,0,0.709,152,7,6.8
22,756,8,-176.112,-30.1147,22.065,22.0,0,1.789,116,5,7.0
23,735,5,-178.787,-29.4748,205.681,18.0,0,0.784,108,5,6.9
24,653,7,166.385,-15.3597,10.0,45.0,0,5.483,66,6,6.5
25,652,4,149.487,-4.8138,598.925,20.0,0,2.739,115,2,6.5
26,737,9,73.2077,38.0726,20.522,20.0,0,1.783,128,7,6.8
27,1411,9,37.203,38.0235,10.0,17.0,0,0.85,135,9,7.5
28,800,9,36.8306,37.4135,14.497,44.0,0,0.218,108,8,6.7
29,2910,9,36.9997,37.2012,17.925,32.0,0,1.919,118,9,7.8
30,718,4,-63.0394,-26.7209,610.671,61.0,0,5.129,60,3,6.8
31,756,3,127.051,2.7401,28.566,17.0,0,1.974,130,5,7.0
32,957,5,130.039,-7.0852,105.249,21.0,0,1.575,114,7,7.6
33,768,8,166.878,-14.9383,29.0,36.0,0,6.096,116,7,7.0
34,720,5,-172.968,-15.3983,38.0,26.0,0,2.587,152,5,6.8
35,768,8,159.596,-9.7963,14.0,17.0,0,0.509,117,7,7.0
36,735,4,100.738,-4.9559,25.0,34.0,0,2.229,99,4,6.9
37,755,3,-178.346,-20.0508,579.0,18.0,0,3.125,147,3,7.0
38,833,5,-172.129,-19.2918,37.0,21.0,0,1.865,149,5,7.3
39,670,0,178.278,-25.5948,624.464,27.0,0,4.998,131,2,6.6
40,755,4,178.381,-26.0442,660.0,26.0,0,4.578,142,3,7.0
41,711,1,178.363,-25.9678,630.379,22.0,0,4.678,136,3,6.8
42,797,7,-82.3396,7.6712,20.0,37.0,0,1.151,145,6,6.7
43,1179,8,-102.913,18.33,20.0,92.0,0,2.137,175,7,6.8
44,1799,9,-103.252,18.3667,26.943,69.0,0,1.153,271,8,7.6
45,887,9,121.307,23.1444,10.0,34.0,0,0.401,215,9,6.9
46,756,7,121.348,23.029,10.0,54.0,0,0.43,178,7,6.5
47,761,7,170.239,-21.2077,137.0,45.0,0,2.977,192,5,7.0
48,965,8,146.471,-6.2237,116.0,12.0,0,3.158,272,8,7.6
49,1043,9,102.279,29.7263,12.0,34.0,0,8.454,141,8,6.6
50,672,7,-178.959,-32.6922,30.0,34.0,0,5.293,68,6,6.6
51,1351,9,120.809,17.5978,33.729,22.0,0,5.276,152,8,7.0
52,653,3,-71.1647,-9.0618,622.73,31.0,0,1.999,236,2,6.5
53,876,7,-70.3081,-14.8628,236.0,40.0,0,2.494,144,5,7.2
54,733,2,159.027,-54.1325,10.0,45.0,0,0.371,127,5,6.9
55,762,6,-66.7236,-23.6141,220.0,30.0,0,1.505,162,5,6.8
56,762,6,-86.9919,11.5538,27.0,94.0,0,0.914,0,5,6.6
57,763,6,170.349,-22.5732,10.0,26.0,0,2.705,0,4,7.0
58,738,6,170.277,-22.72,10.0,42.0,0,2.697,0,4,6.9
59,806,8,121.636,23.3421,24.0,32.0,0,0.289,0,7,6.7
60,2397,9,141.587,37.7015,41.0,29.0,0,2.936,0,8,7.3
61,708,9,98.6034,-0.6831,28.0,43.0,0,2.188,0,6,6.7
62,670,2,-177.74,-30.0528,24.0,46.0,0,0.827,0,7,6.6
63,712,2,-179.968,-23.7852,535.0,12.0,0,5.78,0,3,6.8
64,690,8,-76.9395,-4.455,110.0,22.0,0,3.026,0,6,6.5
65,651,7,-176.729,-29.535,8.0,57.0,0,1.088,0,4,6.5
66,785,8,105.251,-6.9291,33.0,22.0,0,2.418,0,6,6.6
67,650,0,-168.08,52.502,37.0,108.0,0,1.61607,97,3,6.5
68,650,0,-168.08,52.502,37.0,208.8,0,0.0,23,3,6.5
69,674,8,-168.15,52.6252,19.0,49.0,0,0.507,0,5,6.6
70,691,0,-167.736,52.48,33.0,126.0,0,0.936943,50,4,6.7
71,691,0,-167.736,52.48,33.0,205.2,0,0.0,20,4,6.7
72,730,7,-167.917,52.6563,20.0,61.0,0,0.92,0,6,6.8
73,976,6,31.9095,35.1456,21.0,21.0,0,1.168,0,6,6.6
74,1012,9,101.299,37.8167,13.0,13.0,0,2.685,0,8,6.6
75,921,8,127.581,-7.5924,165.49,19.0,0,3.713,0,7,7.3
76,854,9,122.2,-7.6033,14.27,32.0,0,1.025,0,5,7.3
77,1094,8,-76.8461,-4.4898,126.0,40.0,0,4.951,0,8,7.5
78,688,7,126.48,23.5414,12.0,15.0,0,3.259,0,4,6.6
79,995,8,-156.492,56.2581,51.6,0.0,0,0.0,0,6,6.9
80,740,4,174.54,-21.1704,535.0,31.0,0,4.778,0,3,6.9
81,826,4,174.895,-21.1036,527.0,32.0,0,4.493,0,4,7.3
82,684,7,-87.8542,12.1598,21.0,114.0,0,0.993,0,5,6.5
83,2504,8,-99.7877,16.9502,20.0,43.0,0,0.07,0,8,7.0
84,776,1,-24.9992,-60.3026,6.0,32.0,0,9.799,0,4,7.1
85,670,1,-24.4608,-60.1023,7.0,19.0,0,8.865,0,3,6.6
86,741,8,167.085,-14.892,93.0,54.0,0,0.579,0,7,6.9
87,734,6,-23.3318,-58.3814,16.7,48.0,0,8.363,0,4,6.9
88,2331,9,-73.4804,18.3521,10.0,23.0,0,1.178,0,8,7.2
89,738,5,-157.707,55.2364,33.3,0.0,0,0.0,0,4,6.9
90,738,5,-157.68,55.2657,20.74,36.0,0,1.173,0,4,6.9
91,1009,0,-25.3206,-58.4157,22.79,78.0,0,7.463,0,7,8.1
92,868,9,-25.1874,-57.5959,47.23,38.0,0,7.227,0,6,7.5
93,846,9,126.742,6.4547,55.14,25.0,0,1.273,0,7,7.1
94,1237,8,-157.917,55.4742,46.66,66.0,0,0.875,0,6,8.2
95,1252,8,-157.829,55.3154,35.0,0.0,0,0.0,0,7,8.2
96,935,8,120.713,13.6989,110.0,12.0,0,8.139,0,5,6.7
97,830,6,-82.8813,7.5904,10.0,61.0,0,1.395,0,6,6.7
98,650,0,-177.773,-30.2144,25.0,24.0,0,7.994,0,4,6.5
99,652,5,-177.356,-16.4796,10.0,44.0,0,4.518,0,7,6.5
100,1025,9,98.2551,34.5861,10.0,9.0,0,4.655,0,9,7.3
101,698,8,96.6475,0.1684,11.0,37.0,0,1.487,0,4,6.7
102,694,9,66.3745,-17.2495,10.0,45.0,0,10.669,0,3,6.7
103,919,7,141.665,38.2296,43.0,35.0,0,2.619,0,6,6.9
104,651,4,-177.064,-21.6857,246.0,20.0,0,5.931,0,4,6.5
105,652,6,-176.235,-18.9204,301.0,19.0,0,10.405,0,4,6.5
106,1052,7,141.607,38.4752,43.0,35.0,0,2.378,0,7,7.0
107,672,5,163.208,54.7018,13.23,18.0,0,3.183,0,5,6.6
108,650,0,-176.619,-28.4792,24.0,25.0,0,11.764,0,4,6.5
109,1021,9,-177.224,-29.7466,28.93,21.0,0,0.739,0,8,8.1
110,843,3,-177.842,-29.6131,43.0,30.0,0,0.437,0,7,7.4
111,932,7,179.544,-37.596,10.0,24.0,0,0.918,0,6,7.3
112,1612,9,141.992,37.6856,43.98,11.0,0,3.085,0,8,7.1
113,918,9,171.489,-23.2787,10.0,15.0,0,7.989,0,4,7.7
114,739,9,-55.559,-61.8484,15.0,16.0,0,1.55,0,5,6.9
115,802,7,127.517,5.0074,80.0,15.0,0,2.821,0,5,7.0
116,776,8,100.443,51.2407,10.0,22.0,0,2.043,0,8,6.7
117,776,5,-74.9067,-39.3264,10.0,19.0,0,1.319,0,5,6.7
118,1527,8,26.7953,37.8973,21.0,18.0,0,1.518,0,7,7.0
119,1165,9,-159.675,54.662,28.37,36.0,0,0.23,0,7,7.6
120,732,0,-26.8332,0.9604,10.0,16.0,0,11.255,0,3,6.9
121,674,6,-71.3937,-27.9285,16.0,49.0,0,0.388,0,6,6.5
122,824,6,-71.1958,-28.013,21.0,69.0,0,0.312,0,7,6.8
123,651,4,-29.7046,0.8696,10.0,31.0,0,15.394,0,5,6.5
124,749,4,123.493,-6.6704,624.0,20.0,0,2.267,0,3,6.9
125,735,4,101.215,-4.2791,26.0,25.0,0,1.716,0,4,6.9
126,716,5,101.095,-4.3724,22.0,34.0,0,1.816,0,4,6.8
127,784,9,124.13,12.0065,10.0,14.0,0,5.128,0,8,6.6
128,1111,9,-158.477,55.1079,28.0,60.0,0,0.621,0,7,7.8
129,820,6,147.755,-7.847,73.0,18.0,0,1.671,0,7,7.0
130,684,4,110.678,-5.6368,533.76,14.0,0,1.458,0,2,6.6
131,1494,8,-95.9533,15.9163,20.0,30.0,0,0.151,0,8,7.4
132,873,7,-177.838,-33.2938,10.0,23.0,0,4.035,0,7,7.4
133,734,5,128.262,28.9386,165.0,18.0,0,2.015,0,4,6.6
134,835,6,-68.4204,-23.2966,112.0,21.0,0,1.164,0,6,6.8
135,1320,7,-117.85,38.1689,2.7,55.79,0,0.357,27,8,6.5
136,671,4,166.648,-12.0662,107.0,12.0,0,3.403,0,6,6.6
137,738,4,129.785,-6.7762,96.0,16.0,0,1.921,0,6,6.8
138,678,7,25.7101,34.1818,10.0,19.0,0,1.293,0,6,6.5
139,1410,8,-115.118,44.4646,12.06,31.0,0,0.885,0,8,6.5
140,879,6,157.695,48.9638,57.8,12.0,0,4.109,0,5,7.5
141,770,5,148.959,45.6161,143.0,25.0,0,4.501,0,6,7.0
142,1812,9,-78.756,19.4193,14.86,26.0,0,1.657,0,6,7.7
143,1247,8,39.0609,38.4312,10.0,49.0,0,0.87,0,9,6.7
144,825,9,125.174,6.6969,18.0,39.0,0,0.546,0,7,6.8
145,799,6,126.416,1.6213,33.0,11.0,0,1.271,0,6,7.1
146,650,0,-179.511,-21.9449,577.0,25.0,0,4.765,0,2,6.5
147,673,4,-175.272,-18.5747,10.0,48.0,0,5.086,0,4,6.6
148,733,9,125.178,6.9098,10.0,19.0,0,0.428,0,7,6.5
149,780,9,125.008,6.7567,15.0,24.0,0,0.646,0,7,6.6
150,844,7,-73.163,-35.4758,11.0,98.0,0,1.269,0,6,6.7
151,656,7,128.37,-3.4528,12.26,15.0,0,3.909,0,7,6.5
152,671,2,-178.57,-20.3641,591.0,19.0,0,4.121,0,3,6.6
153,670,0,-26.5801,-60.2152,16.0,19.0,0,12.896,0,4,6.6
154,875,4,104.791,-7.2822,49.0,23.0,0,2.839,0,6,6.9
155,947,6,-72.3102,-34.2364,25.0,35.0,0,0.817,0,6,6.8
156,670,0,167.998,-16.1985,181.0,30.0,0,6.024,0,4,6.6
157,809,7,128.034,-0.5858,18.98,38.0,0,1.504,0,7,7.2
158,791,5,120.358,-18.2242,10.0,32.0,0,2.978,0,5,6.6
159,747,7,126.189,0.5126,35.0,21.0,0,1.205,0,5,6.9
160,1646,9,-117.599,35.7695,8.0,43.0,0,0.04616,77,9,7.1
161,952,4,129.169,-6.4078,212.0,16.0,0,2.629,0,6,7.3
162,830,8,-178.1,-30.6441,46.0,11.0,0,1.402,0,6,7.3
163,886,7,-89.3056,13.1994,57.92,22.0,0,1.193,0,6,6.6
164,1890,9,-75.2697,-5.8119,122.57,17.0,0,3.18,0,8,8.0
165,929,7,152.597,-4.051,10.0,16.0,0,0.453,0,7,7.6
166,826,7,146.449,-6.9746,146.0,16.0,0,2.514,0,6,7.1
167,717,5,122.58,-1.8146,15.46,28.0,0,0.791,0,6,6.8
168,650,0,-25.304,-58.6262,38.0,18.0,0,7.568,0,5,6.5
169,869,7,-70.1546,-14.7131,267.0,42.0,0,2.501,0,4,7.0
170,1145,7,-77.0505,-2.1862,145.0,15.0,0,2.045,0,7,7.5
171,909,6,-92.4527,14.6802,66.0,43.0,0,0.289,0,6,6.7
172,691,0,42.3568,-43.1219,13.0,17.0,0,7.527,0,3,6.7
173,1600,8,-71.3815,-30.0404,63.0,22.0,0,0.173,0,8,6.7
174,671,5,166.875,-13.336,35.0,18.0,0,7.818,0,4,6.6
175,672,2,126.758,2.258,43.21,33.0,0,1.596,0,4,6.6
176,715,3,-71.587,-8.144,570.41,16.0,0,1.181,0,3,6.8
177,803,5,126.921,5.8983,60.21,21.0,0,1.769,0,5,7.0
178,822,3,164.699,55.0999,16.56,23.0,0,4.126,0,7,7.3
179,776,0,-26.3856,-58.5446,133.0,20.0,0,7.043,0,5,7.1
180,670,0,169.733,-22.0629,10.0,31.0,0,2.679,0,4,6.6
181,871,3,169.427,-21.9496,10.0,18.0,0,2.405,0,6,7.5
182,1790,8,-149.955,61.3464,46.7,0.0,0,0.0,0,8,7.1
183,711,0,-178.927,-17.8735,540.0,39.0,0,2.879,0,3,6.8
184,693,3,-11.2431,71.6312,10.0,19.0,0,7.853,0,4,6.7
185,954,8,20.5565,37.5203,14.0,15.0,0,2.268,0,7,6.8
186,655,2,-129.724,49.297,10.0,68.0,0,1.692,0,4,6.5
187,776,4,-129.289,49.3346,10.0,36.0,0,1.505,0,4,6.8
188,669,3,-129.412,49.2586,10.0,63.0,0,1.611,0,4,6.5
189,650,0,169.522,-21.7427,17.0,22.0,0,2.109,0,4,6.5
190,691,0,153.243,52.8549,461.0,17.0,0,2.705,0,3,6.7
191,650,0,156.297,49.2902,20.0,14.0,0,3.923,0,4,6.5
192,758,6,151.205,-5.7012,39.0,18.0,0,1.778,0,6,7.0
193,691,2,-178.063,-18.3604,550.0,23.0,0,3.745,0,3,6.7
194,2026,8,119.846,-0.2559,20.0,13.0,0,1.649,0,8,7.5
195,651,4,178.199,-25.415,576.0,18.0,0,5.139,0,1,6.5
196,735,3,-179.373,-31.7447,115.0,18.0,0,2.785,0,4,6.9
197,651,3,161.503,-10.0207,68.0,25.0,0,1.638,0,6,6.5
198,979,7,179.35,-18.4743,670.81,12.0,0,1.431,0,4,7.9
199,1075,8,141.929,42.6861,35.0,32.0,0,1.13,0,9,6.6
200,776,2,170.126,-22.0295,21.43,23.0,0,2.548,0,5,7.1
201,776,0,-70.8284,-11.0355,630.0,12.0,0,3.77,0,3,7.1
202,652,6,168.143,-16.0315,9.0,10.0,0,4.797,0,7,6.5
203,1570,8,-62.9019,10.7731,146.82,15.0,0,1.822,0,6,7.3
204,1206,7,116.627,-8.319,21.0,31.0,0,2.453,0,7,6.9
205,1050,5,-178.153,-18.1125,600.0,13.0,0,3.63,0,4,8.2
206,743,5,119.802,-7.3718,529.0,23.0,0,2.719,0,3,6.5
207,655,6,-178.026,51.4234,33.93,22.0,0,0.576,0,6,6.5
208,1704,9,116.438,-8.2581,34.0,15.0,0,2.271,0,8,6.9
209,1392,7,-155.0,19.3182,5.81,210.0,0,0.11,63,8,6.9
210,733,5,-63.0058,-20.6588,559.0,16.0,0,5.32,0,3,6.8
211,741,9,151.5,-5.5321,35.0,18.0,0,1.487,0,6,6.9
212,696,5,151.402,-5.5024,40.0,15.0,0,1.507,0,6,6.7
213,719,6,153.2,-4.3762,22.86,16.0,0,1.049,0,6,6.8
214,697,8,142.612,-6.3043,20.49,19.0,0,5.457,0,7,6.7
215,943,9,142.754,-6.0699,25.21,17.0,0,5.48,0,8,7.5
216,1384,7,-97.9787,16.3855,22.0,82.0,0,0.142,0,7,7.2
217,1870,9,-149.166,56.0039,14.06,30.0,0,2.585,0,4,7.9
218,1075,9,-74.7092,-15.7675,39.0,23.0,0,4.29,0,7,7.1
219,1623,8,-83.52,17.4825,19.0,12.0,0,4.581,0,5,7.5
220,998,8,108.174,-7.4921,90.0,28.0,0,2.365,0,7,6.5
221,651,1,2.1628,-54.2189,17.0,23.0,0,17.654,0,5,6.5
222,771,4,168.671,-21.3246,10.0,14.0,0,0.617,0,6,7.0
223,676,4,168.598,-21.5027,13.0,21.0,0,0.529,0,5,6.6
224,1153,8,-84.4865,9.5147,19.36,37.0,0,0.225,0,8,6.5
225,2790,8,45.9592,34.9109,19.0,33.0,0,0.284,0,9,7.3
226,661,6,143.485,-4.2433,110.57,10.0,0,4.449,0,5,6.5
227,727,5,-173.168,-15.3197,10.0,21.0,0,4.852,0,5,6.8
228,674,3,168.859,-21.6484,22.0,29.0,0,0.788,0,5,6.6
229,691,3,169.148,-21.6971,24.0,55.0,0,1.062,0,4,6.7
230,694,3,123.074,-7.2168,553.81,16.0,0,1.634,0,3,6.7
231,651,3,176.769,52.3909,119.0,11.0,0,1.154,0,5,6.5
232,1686,9,-98.4887,18.5499,48.0,23.0,0,0.984,0,8,7.1
233,2910,9,-93.8993,15.0222,47.39,22.0,0,0.944,0,7,8.2
234,707,5,103.855,33.1926,9.0,22.0,0,11.411,0,7,6.5
235,1064,7,27.4139,36.9293,7.0,16.0,0,0.913,0,7,6.6
236,918,8,168.857,54.4434,10.0,13.0,0,3.564,0,7,7.7
237,704,5,164.016,-49.4837,10.0,37.0,0,3.773,0,4,6.6
238,740,9,124.629,11.1269,9.0,30.0,0,4.139,0,8,6.5
239,1034,6,-90.9718,13.7174,38.12,38.0,0,1.065,0,6,6.8
240,1188,8,-92.0092,14.9091,93.0,35.0,0,0.247,0,6,6.9
241,711,0,170.92,54.0312,5.0,12.0,0,2.308,0,4,6.8
242,678,7,120.431,-1.2923,12.0,18.0,0,2.353,0,7,6.6
243,650,0,-25.7432,-56.414,15.0,17.0,0,6.489,0,4,6.5
244,713,6,167.377,-14.5884,169.0,19.0,0,7.495,0,5,6.8
245,814,9,125.066,5.5043,26.0,14.0,0,1.636,0,6,6.9
246,1642,9,-72.0617,-33.0375,28.0,39.0,0,0.356,0,7,6.9
247,1297,7,25.1558,-22.6784,29.0,15.0,0,2.36,0,8,6.5
248,671,6,162.786,56.9401,17.0,14.0,0,4.591,0,7,6.6
249,733,2,-178.804,-23.2593,414.5,19.0,0,6.012,0,3,6.9
250,653,3,-63.9047,-19.2814,595.98,14.0,0,4.242,0,3,6.5
251,718,8,125.452,9.9071,15.0,36.0,0,2.822,0,7,6.5
252,987,9,155.172,-6.2464,135.0,9.0,0,3.625,0,7,7.9
253,654,6,161.335,-10.3506,36.0,21.0,0,1.64,0,6,6.5
254,849,6,122.617,4.4782,627.17,18.0,0,3.813,0,3,7.3
255,742,6,176.052,-19.3733,12.0,13.0,0,2.495,0,4,6.9
256,1152,9,-73.9413,-43.4064,38.0,29.0,0,0.355,0,8,7.6
257,726,5,127.921,-7.5082,152.0,17.0,0,3.38,0,5,6.7
258,972,9,153.522,-4.5049,94.54,13.0,0,1.389,0,7,7.9
259,737,8,161.132,-10.749,19.73,26.0,0,1.747,0,6,6.9
260,650,0,161.314,-10.8416,12.26,18.0,0,1.937,0,5,6.5
261,961,9,161.327,-10.6812,40.0,13.0,0,1.836,0,8,7.8
262,1120,5,-126.194,40.4535,8.45,55.0,0,1.405,0,4,6.6
263,731,9,96.1678,5.2834,13.0,27.0,0,0.778,0,8,6.5
264,693,8,73.9776,39.2732,17.0,20.0,0,1.697,0,7,6.6
265,855,5,-88.8968,11.9097,10.0,20.0,0,1.796,0,4,6.9
266,1144,9,141.387,37.3931,9.0,10.0,0,0.671,0,6,6.9
267,664,7,173.254,-42.6058,9.0,56.0,0,0.283,0,7,6.5
268,656,6,173.669,-42.3205,10.0,58.0,0,0.135,0,7,6.5
269,1545,9,173.054,-42.7373,15.11,21.0,0,0.481,0,9,7.8
270,2840,9,13.0961,42.8621,8.0,25.0,0,0.174,0,8,6.6
271,677,3,108.163,-4.8626,614.0,16.0,0,2.022,0,3,6.6
272,716,3,148.887,-6.0033,42.0,11.0,0,3.727,0,6,6.8
273,733,2,-178.244,-19.7819,596.4,9.0,0,4.051,0,3,6.9
274,897,5,179.146,-37.3586,19.0,21.0,0,0.698,0,6,7.0
275,713,4,152.792,-3.6849,476.0,12.0,0,0.803,0,3,6.8
276,981,6,94.569,20.9228,82.0,17.0,0,1.802,0,6,6.8
277,799,6,173.117,-22.4765,16.37,14.0,0,4.823,0,5,7.2
278,971,5,145.507,18.5429,196.0,14.0,0,3.294,0,6,7.7
279,671,4,100.665,-2.0967,50.0,16.0,0,2.435,0,6,6.6
280,798,1,-26.9353,-56.2409,78.0,24.0,0,5.803,0,6,7.2
281,733,3,-178.204,-21.9724,405.69,19.0,0,5.485,0,3,6.9
282,780,8,-79.616,0.4947,29.95,17.0,0,1.192,0,7,6.9
283,744,5,-79.7899,0.4261,16.0,21.0,0,1.352,0,7,6.7
284,755,7,167.379,-16.0429,24.0,14.0,0,0.616,0,7,7.0
285,1163,9,-79.9218,0.3819,20.59,15.0,0,1.44,0,9,7.8
286,2074,9,130.754,32.7906,10.0,32.0,0,0.349,0,9,7.0
287,903,6,94.8654,23.0944,136.0,14.0,0,3.001,0,6,6.9
288,738,6,71.1311,36.4725,212.0,17.0,0,0.789,0,4,6.6
289,692,7,166.594,-13.9805,27.59,25.0,0,6.787,0,5,6.7
290,691,7,166.624,-14.0683,24.0,19.0,0,6.697,0,6,6.7
291,734,7,166.855,-14.3235,26.0,25.0,0,1.166,0,6,6.9
292,948,4,94.3299,-4.9521,24.0,20.0,0,7.009,0,3,7.8
293,799,3,158.546,53.9776,177.0,17.0,0,0.958,0,7,7.2
294,1496,7,-153.339,59.6204,125.6,0.0,0,0.0,0,7,7.1
295,673,3,-106.934,18.8239,10.0,74.0,0,2.413,0,4,6.6
296,717,5,142.781,41.9723,46.0,22.0,0,0.281,0,6,6.7
297,651,3,126.862,3.8965,13.0,22.0,0,3.144,0,6,6.5
298,1515,8,93.6505,24.8036,55.0,16.0,0,1.794,0,7,6.7
299,765,8,-93.633,15.8015,85.0,35.0,0,0.41,0,6,6.6
300,738,8,129.508,-4.1064,21.0,14.0,0,2.979,0,5,6.9
301,827,4,72.7797,38.2107,22.0,18.0,0,1.116,0,7,7.2
302,691,2,-71.2574,-9.1825,602.75,19.0,0,2.033,0,3,6.7
303,896,5,-71.0184,-10.0598,620.56,10.0,0,2.852,0,4,7.6
304,957,6,-70.9437,-10.5372,606.21,10.0,0,3.287,0,5,7.6
305,715,5,158.422,-8.8994,12.59,19.0,0,1.599,0,6,6.8
306,1018,7,20.6,38.67,11.0,0.0,0,0.0,0,7,6.5
307,702,5,128.873,31.0009,12.0,17.0,0,1.444,0,4,6.7
308,744,5,-72.0585,-29.5097,10.0,43.0,0,0.821,0,6,6.9
309,761,6,-72.0068,-29.5067,12.0,32.0,0,0.784,0,6,6.9
310,675,7,94.648,6.8431,10.0,31.0,0,2.792,0,4,6.6
311,841,7,-71.4519,-30.8796,46.0,41.0,0,0.258,0,7,6.8
312,657,5,124.875,-8.3381,20.0,21.0,0,1.53,0,7,6.5
313,1448,8,70.3676,36.5244,231.0,18.0,0,0.622,0,7,7.5
314,780,6,167.303,-14.8595,135.0,11.0,0,0.592,0,6,7.1
315,671,7,131.262,-0.6212,18.0,13.0,0,2.486,0,7,6.6
316,820,5,-71.3792,-31.7275,35.0,14.0,0,1.064,0,7,6.6
317,718,5,-71.804,-31.5173,23.0,35.0,0,0.853,0,7,6.7
318,657,6,-71.6876,-31.4244,27.0,62.0,0,0.749,0,7,6.5
319,799,8,-71.4262,-31.5622,28.41,13.0,0,0.903,0,7,7.0
320,1960,9,-71.6744,-31.5729,22.44,19.0,0,0.684,0,8,8.3
321,708,5,-109.623,24.913,10.0,123.0,0,1.256,0,5,6.7
322,650,0,157.877,-9.3293,6.43,16.0,0,2.045,0,5,6.5
323,671,3,158.053,-9.3438,22.0,20.0,0,1.872,0,5,6.6
324,762,9,138.528,-2.6286,48.0,12.0,0,6.278,0,7,7.0
325,734,4,-169.446,52.376,29.0,39.0,0,0.444,0,7,6.9
326,759,8,165.141,-10.4012,11.0,22.0,0,5.205,0,6,7.0
327,686,4,-58.5479,13.8672,20.0,20.0,0,1.218,0,4,6.5
328,691,4,158.403,-9.307,12.0,11.0,0,1.529,0,5,6.7
329,652,3,139.725,27.7375,460.0,11.0,0,2.277,0,4,6.5
330,1151,6,140.493,27.8386,664.0,12.0,0,1.675,0,3,7.8
331,762,5,-156.43,56.594,72.6,0.0,0,0.0,0,6,6.8
332,711,1,163.215,-11.1093,10.0,18.0,0,3.619,0,5,6.8
333,732,1,163.696,-11.0559,11.19,22.0,0,4.024,0,4,6.9
334,711,1,164.169,-10.8759,11.0,15.0,0,4.395,0,4,6.8
335,831,8,142.032,38.9056,35.0,8.0,0,1.422,0,6,6.8
336,1563,8,86.0655,27.8087,15.0,11.0,0,0.677,0,7,7.3
337,776,1,154.557,-7.2175,10.0,11.0,0,3.835,0,6,7.1
338,869,7,151.875,-5.4624,55.0,22.0,0,1.295,0,8,7.5
339,714,5,151.777,-5.2005,44.0,23.0,0,1.074,0,6,6.8
340,692,5,151.771,-5.375,31.0,12.0,0,1.239,0,6,6.7
341,1016,7,86.0173,27.7711,22.91,13.0,0,0.727,0,7,6.7
342,733,8,84.8216,28.2244,10.0,16.0,0,1.778,0,7,6.6
343,2820,8,84.7314,28.2305,8.22,12.0,0,1.857,0,9,7.8
344,650,0,-178.6,-15.8815,10.0,42.0,0,3.702,0,5,6.5
345,650,2,-173.029,-15.4994,11.0,36.0,0,4.629,0,5,6.5
346,872,6,152.562,-4.7294,41.0,19.0,0,0.666,0,7,7.5
347,760,4,122.535,-7.2968,552.06,12.0,0,1.362,0,6,7.0
348,714,5,142.881,39.8558,23.0,20.0,0,1.925,0,5,6.7
349,700,4,-66.688,-23.1125,223.0,16.0,0,2.11,0,6,6.7
350,711,1,168.52,-17.0309,219.96,13.0,0,2.019,0,4,6.8
351,650,1,-82.6576,5.9045,8.0,61.0,0,4.318,0,4,6.5
352,709,7,-82.6865,7.9401,20.0,43.0,0,2.485,0,6,6.6
353,670,1,154.46,-6.5108,23.0,12.0,0,3.246,0,5,6.6
354,670,1,123.126,6.1572,614.0,9.0,0,2.6,0,3,6.6
355,713,6,126.575,1.9604,39.0,19.0,0,1.421,0,5,6.8
356,652,5,127.056,2.2999,35.0,9.0,0,1.549,0,5,6.5
357,698,7,179.662,-37.6478,22.0,25.0,0,1.079,0,4,6.7
358,779,4,126.522,1.8929,45.0,18.0,0,1.397,0,6,7.1
359,671,2,148.232,-5.9873,53.19,13.0,0,3.557,0,6,6.6
360,776,3,-177.759,-19.6903,434.0,13.0,0,4.415,0,6,7.1
361,982,8,-88.1225,12.5262,40.0,18.0,0,1.078,0,6,7.3
362,724,5,144.429,13.7641,130.0,11.0,0,0.46,0,5,6.7
363,741,6,-73.5714,-14.598,101.0,18.0,0,4.107,0,6,6.8
364,732,0,146.169,0.8295,13.0,12.0,0,6.393,0,4,6.9
365,732,0,-178.4,-19.8015,615.42,15.0,0,3.934,0,6,6.9
366,706,5,142.452,37.0052,20.0,9.0,0,2.421,0,4,6.5
367,1079,8,-92.4614,14.724,53.0,51.0,0,0.263,0,7,6.9
368,650,0,152.807,-6.2304,20.0,15.0,0,2.124,0,4,6.5
369,691,0,-175.51,-14.9831,18.0,45.0,0,6.713,0,5,6.7
370,732,0,-28.3669,-55.4703,8.0,25.0,0,4.838,0,5,6.9
371,963,6,178.735,51.8486,109.0,22.0,0,0.133,0,8,7.9
372,691,0,-177.607,-29.9414,26.59,43.0,0,0.748,0,5,6.7
373,650,0,-177.516,-29.9379,10.0,30.0,0,0.778,0,5,6.5
374,732,0,-177.725,-29.9772,20.0,35.0,0,0.751,0,5,6.9
375,951,9,25.3889,40.2893,6.43,25.0,0,0.402,0,7,6.9
376,694,7,-82.3045,7.2096,10.0,33.0,0,3.121,0,5,6.5
377,670,0,170.355,-21.4542,106.0,10.0,0,3.34,0,5,6.6
378,838,4,-127.732,49.6388,10.0,0.0,0,0.0,0,6,6.5
379,865,0,155.024,-6.7547,43.37,16.0,0,3.82,0,6,7.5
380,670,0,155.087,-6.6558,29.0,11.0,0,3.803,0,6,6.6
381,1017,8,-100.972,17.397,24.0,46.0,0,2.25,0,7,7.2
382,670,0,162.052,-11.1284,10.0,22.0,0,2.666,0,6,6.6
383,842,0,162.051,-11.4633,39.0,17.0,0,2.885,0,6,7.4
384,889,0,162.148,-11.2701,22.56,13.0,0,2.828,0,7,7.6
385,677,6,-85.8779,11.642,135.0,20.0,0,0.761,0,5,6.6
386,650,0,154.95,-6.7878,20.0,16.0,0,3.787,0,6,6.5
387,776,0,155.048,-6.5858,60.53,21.0,0,3.729,0,7,7.1
388,1057,8,-70.4931,-20.5709,22.4,44.0,0,1.029,0,9,7.7
389,670,7,-70.5756,-20.3113,24.07,82.0,0,0.828,0,7,6.5
390,732,0,-70.9455,-19.8927,28.42,119.0,0,0.828,0,5,6.9
391,1332,9,-70.7691,-19.6097,25.0,23.0,0,0.609,0,8,8.2
392,718,7,-70.7022,-19.9807,20.0,44.0,0,1.008,0,7,6.7
393,1211,5,-125.134,40.8287,16.441,229.0,0,0.6568,112,5,6.8
394,668,4,127.367,27.4312,119.0,17.0,0,1.001,0,5,6.5
395,681,5,-58.9272,14.6682,14.83,30.0,0,1.635,0,4,6.5
396,733,3,82.5864,35.9053,10.0,18.0,0,7.496,0,8,6.9
397,650,0,167.372,-15.0691,122.0,20.0,0,0.409,0,5,6.5
398,650,0,-177.881,-32.9076,44.26,22.0,0,3.651,0,3,6.5
399,650,0,167.249,-13.8633,187.0,14.0,0,3.997,0,4,6.5
400,651,3,-176.545,-17.1171,371.0,22.0,0,5.194,0,4,6.5
401,912,1,-46.4011,-60.2738,10.0,23.0,0,8.05,0,8,7.7
402,732,0,-47.0621,-60.2627,9.97,17.0,0,8.284,0,5,6.9
403,723,6,-71.5215,-30.2921,27.0,31.0,0,0.636,0,7,6.6
404,872,6,144.661,37.1557,35.0,10.0,0,3.968,0,4,7.1
405,692,8,-110.321,26.0913,9.45,44.0,0,1.98,0,5,6.6
406,711,0,154.931,-6.4456,35.0,9.0,0,5.79,0,6,6.8
407,1092,9,124.117,9.8796,19.04,12.0,0,3.144,0,8,7.1
408,691,5,23.2523,35.5142,40.0,40.0,0,1.984,0,6,6.6
409,691,0,152.786,53.1995,573.0,11.0,0,2.958,0,3,6.7
410,650,0,-178.323,-30.9255,41.54,21.0,0,1.709,0,4,6.5
411,1005,7,65.5052,27.1825,12.0,17.0,0,7.359,0,7,6.8
412,843,8,-74.5112,-15.8385,40.0,17.0,0,4.446,0,7,7.1
413,2015,5,65.5009,26.951,15.0,17.0,0,7.241,0,8,7.7
414,650,0,-174.767,51.5573,20.0,24.0,0,0.735,0,6,6.5
415,739,5,138.833,29.9377,402.0,26.0,0,3.276,0,3,6.5
416,668,4,128.221,-7.44,112.0,11.0,0,3.097,0,5,6.5
417,758,5,-175.23,51.537,29.0,53.0,0,0.624,0,6,7.0
418,690,9,174.152,-41.734,8.2,0.0,0,0.0,0,7,6.5
419,715,4,-78.1999,5.7732,12.0,22.0,0,3.741,0,5,6.7
420,693,6,174.337,-41.704,17.0,20.0,0,0.0,229,7,6.5
421,820,0,-25.07,-60.857,11.0,43.0,0,0.0,398,6,7.3
422,674,4,149.706,-6.029,56.0,14.0,0,0.0,139,6,6.6
423,820,0,153.927,-3.917,385.5,24.0,0,0.0,117,4,7.3
424,670,0,-42.594,10.701,10.0,16.0,0,0.0,111,7,6.6
425,679,5,-86.926,11.763,30.0,27.0,0,0.0,698,6,6.5
426,710,5,107.236,-10.004,9.0,24.0,0,0.0,515,4,6.7
427,691,0,151.444,52.235,624.0,25.2,0,0.0,217,3,6.7
428,1115,5,153.221,54.892,598.1,10.0,0,0.0,385,5,8.3
429,842,0,-177.232,-23.009,173.7,16.0,0,0.0,626,6,7.4
430,711,0,145.288,18.728,602.2,18.0,0,0.0,131,3,6.8
431,650,0,152.127,-3.898,10.0,16.6,0,0.0,264,6,6.5
432,2083,8,102.888,30.308,14.0,12.6,0,0.0,548,8,6.6
433,804,5,150.788,46.221,110.0,10.1,0,0.0,770,7,7.2
434,672,7,142.542,-3.214,13.0,11.0,0,0.0,445,7,6.6
435,1421,8,61.996,28.033,80.0,26.6,0,0.0,506,8,7.7
436,670,0,154.607,-6.475,31.0,11.5,0,0.0,491,5,6.6
437,755,3,138.476,-3.517,66.0,11.4,0,0.0,640,7,7.0
438,650,0,148.174,-6.598,28.0,14.2,0,0.0,317,6,6.5
439,651,3,157.408,50.958,29.0,20.7,0,0.0,480,6,6.5
440,736,5,157.283,50.954,41.0,20.7,0,0.0,531,6,6.9
441,670,0,142.508,67.631,11.0,15.3,0,0.0,697,7,6.6
442,670,0,165.741,-10.994,18.0,16.6,0,0.0,421,6,6.6
443,904,5,-77.393,1.135,145.0,23.7,0,0.0,562,5,6.9
444,780,9,166.018,-10.928,21.0,16.5,0,0.0,334,6,7.1
445,711,0,165.969,-10.838,12.0,17.5,0,0.0,400,7,6.8
446,691,0,165.655,-10.997,11.0,26.5,0,0.0,387,6,6.7
447,754,0,165.588,-10.499,8.8,17.5,0,0.0,445,6,7.0
448,776,0,164.882,-11.183,10.0,18.4,0,0.0,550,5,7.1
449,993,8,165.114,-10.799,24.0,20.9,0,0.0,460,7,8.0
450,814,6,143.092,42.77,107.0,28.0,0,0.0,686,7,6.9
451,771,6,-70.653,-28.094,45.0,19.3,0,0.0,596,7,6.8
452,1425,6,-134.859,55.228,8.7,0.0,0,0.0,0,6,7.5
453,691,0,167.286,-14.344,200.7,13.7,0,0.0,521,4,6.7
454,843,5,129.825,-6.533,155.0,8.7,0,0.0,517,5,7.1
455,1014,6,143.949,37.89,31.0,14.8,0,0.0,918,5,7.3
456,708,4,-92.164,14.129,20.0,57.3,0,0.0,598,5,6.5
457,795,7,95.885,23.005,13.7,13.7,0,0.0,391,6,6.8
458,1455,8,-91.895,13.988,24.0,25.5,0,0.0,751,7,7.4
459,1726,8,-132.101,52.788,14.0,42.7,0,0.0,807,7,7.8
460,745,6,-85.298,10.086,17.0,34.4,0,0.0,691,6,6.5
461,675,3,134.03,-4.892,13.0,17.7,0,0.0,291,5,6.6
462,1221,7,-76.362,1.929,170.0,15.5,0,0.0,934,6,7.3
463,1555,8,-85.315,10.085,35.0,34.3,0,0.0,703,7,7.6
464,1115,8,126.638,10.811,28.0,10.2,0,0.0,682,5,7.6
465,994,5,-88.59,12.139,28.0,37.0,0,0.0,417,5,7.3
466,678,4,126.837,2.19,91.1,14.6,0,0.0,497,5,6.6
467,941,7,145.064,49.8,583.2,13.8,0,0.0,862,4,7.7
468,653,5,153.173,-4.651,41.0,11.7,0,0.0,576,6,6.5
469,675,4,-174.705,-18.685,134.7,15.7,0,0.0,529,5,6.6
470,691,0,134.276,-1.617,16.0,15.4,0,0.0,370,7,6.7
471,732,6,147.117,-5.462,198.0,12.6,0,0.0,597,5,6.8
472,691,0,-71.365,-32.625,29.0,26.9,0,0.0,518,7,6.7
473,1000,7,-113.104,28.696,13.0,95.9,0,0.0,474,7,7.0
474,1171,7,-102.689,18.229,20.0,54.1,0,0.0,599,6,6.5
475,1213,9,92.463,0.802,25.1,14.9,0,0.0,341,6,8.2
476,2048,9,93.063,2.327,20.0,16.6,1,0.0,499,7,8.6
477,1496,7,-72.217,-35.2,40.7,15.2,0,0.0,553,7,7.1
478,709,6,145.955,-6.242,118.0,10.1,0,0.0,640,6,6.6
479,1752,9,-98.231,16.493,20.0,37.9,0,0.0,672,8,7.4
480,833,7,95.991,51.708,12.0,13.4,0,0.0,596,7,6.7
481,1551,9,123.206,9.999,11.0,11.1,0,0.0,572,7,6.7
482,793,5,167.133,-17.827,23.0,12.0,0,0.0,573,5,7.1
483,838,4,93.21,2.433,19.0,17.0,0,0.0,443,4,7.2
484,670,0,95.911,51.842,15.0,17.6,0,0.0,545,7,6.6
485,834,6,146.809,-7.551,135.0,10.6,0,0.0,485,6,7.1
486,1400,8,-99.789,17.986,59.0,38.6,0,0.0,578,7,6.5
487,847,6,-75.966,-14.438,24.0,46.5,0,0.0,474,7,6.9
488,1096,9,43.508,38.721,18.0,19.7,0,0.0,693,9,7.1
489,655,3,147.881,-6.57,37.0,12.6,0,0.0,423,6,6.5
490,1562,8,88.155,27.73,50.0,13.0,0,0.0,383,8,6.9
491,712,5,142.779,40.273,30.0,10.9,0,0.0,667,5,6.7
492,915,5,97.893,2.965,91.0,15.3,0,0.0,447,6,6.7
493,761,7,169.716,-20.671,185.1,15.3,0,0.0,406,5,7.0
494,913,6,-74.525,-7.641,147.0,26.9,0,0.0,471,6,7.0
495,787,5,168.218,-18.311,28.0,12.3,0,0.0,564,6,7.1
496,650,0,168.156,-18.308,35.0,15.0,0,0.0,322,5,6.5
497,813,8,168.143,-18.365,32.0,18.4,0,0.0,280,6,7.2
498,674,3,144.828,-3.518,10.0,16.6,0,0.0,229,6,6.6
499,893,3,-176.34,-29.539,17.0,33.5,0,0.0,567,7,7.6
500,749,6,142.205,39.955,33.0,24.9,0,0.0,592,6,6.7
501,734,4,168.226,-20.244,11.0,12.5,0,0.0,519,5,6.8
502,719,5,161.2,-10.375,79.0,13.0,0,0.0,445,6,6.8
503,822,7,140.401,37.001,11.0,10.1,0,0.0,586,7,6.6
504,1114,8,141.588,38.276,42.0,17.7,0,0.0,446,8,7.1
505,897,7,-94.338,17.208,166.2,37.2,0,0.0,518,6,6.6
506,1154,7,99.822,20.687,8.0,18.2,0,0.0,335,9,6.9
507,673,6,142.463,39.241,25.7,9.5,0,0.0,668,5,6.6
508,650,0,141.562,36.166,6.8,18.7,0,0.0,369,4,6.5
509,931,7,144.59,38.058,18.6,10.8,0,0.0,507,4,7.7
510,1140,8,141.111,36.281,42.6,48.4,0,0.0,163,7,7.9
511,2184,9,142.373,38.297,29.0,9.5,1,0.0,541,8,9.1
512,972,5,142.842,38.435,32.0,17.4,0,0.0,550,5,7.3
513,731,5,-72.834,-35.38,21.0,33.9,0,0.0,358,6,6.7
514,988,7,-72.96,-36.422,26.0,34.7,0,0.0,382,7,6.9
515,1449,7,63.951,28.777,68.0,25.3,0,0.0,372,7,7.2
516,755,2,168.471,-20.628,9.0,13.3,0,0.0,578,5,7.0
517,1054,8,-73.326,-38.355,24.0,30.1,0,0.0,397,7,7.2
518,820,0,167.947,-19.702,16.0,12.0,0,0.0,409,5,7.3
519,708,3,59.18,28.412,12.0,24.3,0,0.0,279,7,6.7
520,670,0,149.977,-6.001,33.0,18.5,0,0.0,306,6,6.6
521,946,4,100.082,-3.487,20.1,23.0,0,0.0,379,7,7.8
522,776,5,-109.156,24.696,13.0,50.3,0,0.0,352,5,6.7
523,772,8,133.76,-4.963,26.0,15.1,0,0.0,271,5,7.0
524,1245,8,171.83,-43.522,12.0,15.8,0,0.0,365,8,7.0
525,945,6,-77.306,-1.266,206.7,12.4,0,0.0,672,5,7.1
526,850,7,168.069,-17.541,25.0,20.2,0,0.0,405,7,7.3
527,757,4,150.765,-5.746,44.0,12.7,0,0.0,396,6,7.0
528,659,5,146.822,-5.486,220.0,11.1,0,0.0,403,4,6.5
529,902,5,123.48,6.497,578.0,15.1,0,0.0,340,3,7.6
530,831,8,150.59,-5.931,35.0,18.2,0,0.0,397,7,7.3
531,737,4,150.428,-5.966,28.0,15.7,0,0.0,456,7,6.9
532,753,6,-73.31,-38.067,22.0,52.8,0,0.0,295,7,6.6
533,696,5,161.447,-10.627,35.0,18.7,0,0.0,392,6,6.7
534,670,0,136.484,-2.329,10.5,25.0,0,0.0,309,7,6.6
535,755,3,136.543,-2.174,18.0,18.1,0,0.0,307,7,7.0
536,1144,6,91.936,7.881,35.0,18.6,0,0.0,514,5,7.5
537,804,5,166.643,-13.698,31.0,11.7,0,0.0,327,6,7.2
538,918,5,96.018,3.748,38.0,20.6,0,0.0,611,6,7.2
539,773,6,96.548,33.165,17.0,14.9,0,0.0,410,9,6.9
540,740,4,161.116,-10.878,21.0,12.1,0,0.0,399,5,6.9
541,936,0,97.048,2.383,31.0,19.2,0,0.0,352,7,7.8
542,2910,9,-115.295,32.2862,9.987,239.0,0,0.5137,10,9,7.2
543,701,5,92.831,13.667,34.0,16.7,0,0.0,413,6,6.6
544,856,5,-73.257,-36.217,18.0,34.7,0,0.0,312,6,6.7
545,810,6,141.59,37.745,32.0,27.0,0,0.0,491,5,6.5
546,874,7,-71.799,-34.326,18.0,17.1,0,0.0,403,7,7.0
547,1280,7,-71.891,-34.29,11.0,12.5,0,0.0,415,7,6.9
548,717,4,100.991,-3.762,26.0,23.2,0,0.0,401,6,6.8
549,736,7,-73.374,-36.665,18.0,27.8,0,0.0,255,7,6.6
550,650,0,167.227,-13.571,176.0,18.7,0,0.0,426,4,6.5
551,842,0,-75.048,-37.773,35.0,17.6,0,0.0,409,5,7.4
552,1991,8,-72.898,-36.122,22.9,17.8,1,0.0,454,8,8.8
553,1180,6,128.425,25.93,25.0,15.7,0,0.0,487,6,7.0
554,1623,9,-72.571,18.443,13.0,22.7,0,0.0,500,9,7.0
555,1360,7,-124.692,40.652,28.737,220.0,0,0.3225,51,7,6.5
556,713,3,157.551,-9.019,15.4,15.0,0,0.0,338,6,6.8
557,780,5,157.354,-8.783,10.0,15.0,0,0.0,377,7,7.1
558,672,5,157.487,-8.726,10.0,16.6,0,0.0,282,7,6.6
559,698,6,-70.321,-19.394,27.0,17.7,0,0.0,390,7,6.5
560,820,0,178.331,-17.239,595.0,15.0,0,0.0,430,4,7.3
561,677,7,118.631,-8.207,18.0,20.4,0,0.0,305,6,6.6
562,711,0,129.782,29.218,34.0,21.4,0,0.0,424,6,6.8
563,972,4,130.385,-6.133,130.0,11.0,0,0.0,397,6,6.9
564,711,0,165.91,-13.298,35.0,30.2,0,0.0,174,5,6.8
565,842,0,166.497,-13.093,31.1,20.2,0,0.0,314,7,7.4
566,936,0,166.382,-12.517,35.0,20.3,0,0.0,195,6,7.8
567,916,4,166.51,-13.006,45.0,23.2,0,0.0,283,7,7.7
568,787,7,101.524,-2.482,9.0,30.1,0,0.0,417,7,6.6
569,1639,8,99.867,-0.72,81.0,14.0,0,0.0,498,8,7.6
570,1055,7,-172.095,-15.489,18.0,20.8,0,0.0,520,6,8.1
571,1175,7,107.297,-7.782,46.0,16.3,0,0.0,312,7,7.0
572,753,5,99.49,-1.479,20.0,14.9,0,0.0,369,6,6.7
573,703,4,140.395,32.821,53.0,14.1,0,0.0,336,5,6.6
574,1248,7,92.902,14.099,24.0,18.2,0,0.0,303,6,7.5
575,1005,5,137.944,33.167,292.0,14.2,0,0.0,447,4,7.1
576,1202,5,-112.903,29.039,10.0,35.0,0,0.0,243,7,6.9
577,1165,6,166.562,-45.762,12.0,16.8,0,0.0,434,8,7.8
578,693,5,153.782,-5.157,64.0,13.8,0,0.0,269,5,6.7
579,1560,7,-86.217,16.731,19.0,27.2,0,0.0,464,8,7.3
580,916,7,-174.66,-23.043,31.0,14.0,0,0.0,504,5,7.6
581,802,3,126.387,3.886,20.0,18.6,0,0.0,432,7,7.2
582,846,7,133.305,-0.691,23.0,21.1,0,0.0,314,7,7.4
583,765,5,70.743,36.419,204.8,22.6,0,0.0,344,4,6.6
584,918,5,132.885,-0.414,17.0,29.8,0,0.0,288,7,7.7
585,848,9,122.091,1.271,30.0,33.7,0,0.0,365,7,7.4
586,731,5,-92.364,14.423,24.0,28.6,0,0.0,481,6,6.7
587,691,0,73.824,39.533,27.4,22.3,0,0.0,529,6,6.7
588,711,0,143.754,41.892,25.0,22.2,0,0.0,500,6,6.8
589,670,0,127.363,1.885,96.0,14.1,0,0.0,463,6,6.6
590,732,0,166.967,-13.501,110.0,14.9,0,0.0,531,6,6.9
591,692,4,83.52,30.901,12.0,28.0,0,0.0,325,7,6.7
592,1046,8,141.464,39.802,108.0,20.2,0,0.0,633,7,6.8
593,840,5,142.214,37.552,22.0,18.2,0,0.0,577,5,7.0
594,825,5,142.714,37.55,25.5,0.0,0,0.0,0,5,6.9
595,680,4,91.824,11.005,17.0,18.4,0,0.0,630,5,6.6
596,888,7,140.881,39.03,7.8,17.1,0,0.0,654,8,6.9
597,1870,9,103.322,31.002,19.0,11.3,0,0.0,774,9,7.9
598,910,5,141.526,36.164,27.0,21.1,0,0.0,519,5,6.9
599,820,0,168.892,-20.071,33.0,13.4,0,0.0,486,6,7.3
600,798,0,81.467,35.49,10.0,25.9,0,0.0,532,7,7.2
601,740,4,125.63,13.351,24.0,25.9,0,0.0,544,5,6.9
602,696,5,99.808,-2.245,25.0,15.1,0,0.0,543,6,6.7
603,674,4,99.891,-2.332,25.0,17.7,0,0.0,421,6,6.6
604,832,4,99.972,-2.486,25.0,18.4,0,0.0,505,7,7.2
605,654,4,99.931,-2.405,22.0,28.3,0,0.0,429,6,6.5
606,914,5,95.964,2.768,26.0,16.4,0,0.0,607,7,7.4
607,692,8,21.863,36.345,28.0,30.7,0,0.0,650,5,6.5
608,941,6,21.67,36.501,29.0,30.6,0,0.0,645,6,6.9
609,723,7,-94.304,16.357,83.0,27.6,0,0.0,521,6,6.5
610,808,7,178.291,-39.011,20.0,18.8,0,0.0,461,6,6.6
611,704,5,-70.182,-22.954,45.0,30.3,0,0.0,481,7,6.7
612,1542,7,-61.274,14.944,156.0,13.4,0,0.0,663,7,7.4
613,672,3,162.149,-10.95,16.0,26.9,0,0.0,280,6,6.6
614,653,5,118.467,-8.224,18.0,27.6,0,0.0,272,7,6.5
615,657,7,118.37,-8.292,20.0,27.5,0,0.0,353,7,6.5
616,722,6,147.098,-5.757,53.0,15.9,0,0.0,341,6,6.8
617,790,7,-77.838,-2.312,122.9,27.0,0,0.0,649,6,6.8
618,716,6,-70.237,-22.925,26.0,40.1,0,0.0,285,7,6.8
619,995,8,-69.89,-22.247,40.0,22.4,0,0.0,610,7,7.7
620,713,3,101.02,-3.899,21.0,23.9,0,0.0,494,5,6.8
621,744,4,167.553,-44.796,18.0,19.0,0,0.0,338,7,6.8
622,713,4,153.5,-4.99,40.0,15.5,0,0.0,348,5,6.8
623,696,3,100.141,-1.999,30.0,26.9,0,0.0,503,5,6.7
624,768,4,99.627,-2.13,22.0,23.1,0,0.0,537,7,7.0
625,650,0,99.668,-1.689,28.9,26.2,0,0.0,409,5,6.5
626,1133,8,100.841,-2.625,35.0,29.1,0,0.0,446,7,7.9
627,1152,7,100.139,-2.52,40.5,0.0,0,0.0,0,8,7.8
628,1086,0,101.367,-4.438,34.0,32.3,1,0.0,411,6,8.4
629,747,5,-77.963,2.966,15.0,17.6,0,0.0,653,6,6.8
630,798,0,165.762,-11.61,35.0,21.3,0,0.0,312,5,7.2
631,675,5,159.465,-9.834,15.0,12.8,0,0.0,382,6,6.5
632,1385,9,-76.603,-13.386,39.0,25.7,0,0.0,625,8,8.0
633,865,0,107.419,-5.859,280.0,30.7,0,0.0,228,5,7.5
634,803,7,167.68,-15.595,120.0,20.4,0,0.0,494,7,7.2
635,734,3,127.464,2.872,25.0,24.1,0,0.0,374,5,6.9
636,779,5,134.85,36.808,350.4,18.2,0,0.0,664,4,6.8
637,831,8,138.446,37.535,12.0,16.7,0,0.0,782,8,6.6
638,972,6,-90.618,13.554,23.0,37.7,0,0.0,468,6,6.7
639,732,0,155.741,-7.306,10.0,15.3,0,0.0,305,7,6.9
640,670,0,155.777,-7.169,10.0,16.0,0,0.0,251,7,6.6
641,1025,9,157.043,-8.466,24.0,14.7,0,0.0,439,8,8.1
642,782,7,136.588,37.336,8.0,23.9,0,0.0,493,8,6.7
643,779,3,169.357,-20.617,34.0,25.3,0,0.0,426,6,7.1
644,691,0,126.976,-1.034,12.0,40.3,0,0.0,253,6,6.7
645,874,6,126.282,1.065,22.0,21.6,0,0.0,570,5,7.5
646,1034,4,154.524,46.243,10.0,14.0,0,0.0,606,5,8.1
647,798,6,120.493,21.974,10.0,31.6,0,0.0,466,7,6.9
648,1023,8,120.547,21.799,10.0,29.1,0,0.0,744,7,7.1
649,1064,4,153.266,46.592,10.0,20.9,0,0.0,576,7,8.3
650,670,0,151.195,-6.482,11.0,18.6,0,0.0,352,6,6.6
651,732,5,-76.677,-13.457,23.0,53.4,0,0.0,444,6,6.7
652,692,5,150.982,-5.881,32.0,15.6,0,0.0,533,6,6.7
653,1481,8,-155.935,19.877,38.182,124.0,0,0.0,43,9,6.7
654,737,3,-172.033,-16.592,28.0,20.9,0,0.0,702,3,6.9
655,711,0,155.512,-6.759,38.0,28.4,0,0.0,459,6,6.8
656,650,0,157.522,51.148,43.0,47.4,0,0.0,700,6,6.5
657,713,5,167.789,-15.798,150.0,26.2,0,0.0,551,5,6.8
658,947,7,107.419,-9.284,20.0,36.8,0,0.0,357,5,7.7
659,650,0,151.133,-5.724,34.0,20.3,0,0.0,477,6,6.5
660,670,0,165.743,60.772,19.0,28.0,0,0.0,548,7,6.6
661,719,4,97.05,0.093,12.0,16.3,0,0.0,701,5,6.8
662,1013,7,-174.123,-20.187,55.0,20.7,0,0.0,626,7,8.0
663,1026,8,-173.907,-19.99,60.5,0.0,0,0.0,0,9,8.0
664,653,7,-71.056,-27.211,12.0,46.3,0,0.0,282,7,6.5
665,696,6,-71.022,-27.017,12.0,25.6,0,0.0,277,7,6.7
666,670,0,167.516,60.491,11.0,28.4,0,0.0,645,8,6.6
667,889,0,167.089,60.949,22.0,18.5,0,0.0,579,8,7.6
668,654,3,176.989,-16.527,14.0,25.5,0,0.0,247,5,6.5
669,691,0,127.214,-3.595,30.1,21.3,0,0.0,306,7,6.7
670,891,5,33.583,-21.324,11.0,23.2,0,0.0,412,9,7.0
671,934,7,23.212,36.311,66.0,19.7,0,0.0,769,6,6.7
672,703,7,-112.117,28.164,14.0,48.2,0,0.0,323,6,6.6
673,721,6,71.093,36.357,224.6,20.5,0,0.0,529,5,6.5
674,744,5,29.83,-6.224,22.0,20.0,0,0.0,561,7,6.8
675,683,4,142.122,38.089,29.0,48.8,0,0.0,464,5,6.5
676,651,3,96.786,2.164,21.0,20.7,0,0.0,358,6,6.5
677,711,0,-67.895,-22.361,147.0,30.1,0,0.0,509,6,6.8
678,1267,9,73.588,34.539,26.0,21.1,0,0.0,724,9,7.6
679,670,0,151.84,-5.437,25.0,17.7,0,0.0,402,6,6.6
680,1018,8,-76.398,-5.678,115.0,26.2,0,0.0,696,7,7.5
681,891,5,153.474,-4.539,90.0,20.0,0,0.0,502,7,7.6
682,1104,7,142.039,38.276,36.0,19.6,0,0.0,698,7,7.2
683,808,4,92.19,7.92,16.0,26.4,0,0.0,636,5,7.2
684,693,3,97.082,1.819,21.0,22.3,0,0.0,398,6,6.7
685,719,6,-86.172,11.245,27.0,21.1,0,0.0,446,5,6.6
686,1318,5,-125.953,41.292,16.0,31.4,0,0.0,420,4,7.2
687,1020,8,-69.197,-19.987,115.6,16.1,0,0.0,714,7,7.8
688,740,5,97.041,1.989,30.0,26.0,0,0.0,635,7,6.9
689,731,6,98.459,0.587,34.0,20.9,0,0.0,695,5,6.7
690,657,3,99.779,-1.714,30.0,21.2,0,0.0,478,6,6.5
691,717,5,99.607,-1.644,19.0,21.2,0,0.0,656,6,6.7
692,1138,0,97.108,2.085,30.0,22.1,1,0.0,510,8,8.6
693,805,8,130.131,33.807,10.0,22.9,0,0.0,401,7,6.6
694,776,0,129.933,-6.527,201.7,18.1,0,0.0,569,5,7.1
695,711,0,95.592,2.908,36.0,33.8,0,0.0,444,6,6.8
696,650,0,122.129,-5.562,10.0,31.8,0,0.0,371,7,6.5
697,652,3,126.421,4.756,39.7,47.3,0,0.0,286,5,6.5
698,691,0,167.259,-14.252,206.3,30.2,0,0.0,457,4,6.7
699,782,7,123.337,5.293,525.0,26.4,0,0.0,640,3,7.1
700,676,6,141.491,34.064,27.8,78.5,0,0.0,225,4,6.6
701,670,0,92.375,8.879,16.1,31.9,0,0.0,353,5,6.6
702,802,5,92.958,6.91,39.2,27.9,0,0.0,385,6,7.2
703,1274,0,95.982,3.295,30.0,22.0,1,0.0,601,8,9.1
704,1009,0,161.345,-49.312,10.0,59.3,0,0.0,331,5,8.1
705,858,5,-81.409,18.958,10.0,21.8,0,0.0,639,6,6.8
706,724,4,145.228,42.9,35.0,23.6,0,0.0,759,7,6.8
707,771,4,145.119,43.006,39.0,23.9,0,0.0,929,7,7.0
708,776,0,135.404,-3.609,10.0,28.8,0,0.0,439,7,7.1
709,782,5,164.721,-46.676,10.0,14.7,0,0.0,585,5,7.1
710,820,8,-77.508,4.695,15.0,50.2,0,0.0,708,8,7.2
711,870,5,124.868,-8.152,10.0,33.8,0,0.0,301,7,7.5
712,691,0,162.208,-11.128,10.0,21.5,0,0.0,233,6,6.7
713,703,7,-128.772,49.277,10.0,37.3,0,0.0,459,4,6.7
714,670,0,138.779,37.226,16.0,37.0,0,0.0,782,8,6.6
715,705,5,122.694,24.53,94.0,24.7,0,0.0,698,6,6.7
716,754,0,-86.665,11.422,35.0,32.2,0,0.0,441,6,7.0
717,665,5,120.534,13.925,105.0,18.3,0,0.0,526,5,6.5
718,711,0,162.161,-10.951,36.0,15.7,0,0.0,545,6,6.8
719,670,0,137.227,33.205,10.0,29.8,0,0.0,478,4,6.6
720,842,0,137.071,33.184,10.0,27.5,0,0.0,594,5,7.4
721,798,0,136.618,33.07,14.0,28.4,0,0.0,643,5,7.2
722,650,0,-70.525,-35.173,5.0,30.1,0,0.0,349,7,6.5
723,650,0,133.091,-0.443,13.4,39.0,0,0.0,305,7,6.5
724,732,0,160.003,55.682,188.6,31.2,0,0.0,798,5,6.9
725,670,0,-73.406,-37.695,21.0,46.9,0,0.0,282,7,6.6
726,691,0,122.839,-9.362,65.8,27.6,0,0.0,386,5,6.7
727,650,0,167.198,-13.174,228.4,29.9,0,0.0,424,4,6.5
728,670,0,71.029,36.512,187.1,18.3,0,0.0,728,4,6.6
729,691,0,135.339,-3.665,25.7,33.3,0,0.0,256,7,6.7
730,820,0,135.023,-4.003,10.0,23.0,0,0.0,390,7,7.3
731,754,0,135.538,-3.615,16.6,33.0,0,0.0,367,7,7.0
732,691,0,127.4,-3.12,17.4,42.5,0,0.0,243,6,6.7
733,820,0,169.766,-22.015,10.0,46.6,0,0.0,235,4,7.3
734,670,0,58.311,28.995,10.0,44.8,0,0.0,552,9,6.6
735,650,0,-82.824,8.416,33.0,48.4,0,0.0,405,6,6.5
736,1390,7,-121.101,35.7005,8.382,71.0,0,0.04685,65,9,6.5
737,711,0,121.362,23.039,10.0,27.7,0,0.0,447,7,6.8
738,670,0,150.88,-5.581,35.0,25.1,0,0.0,384,6,6.6
739,650,0,125.416,12.025,35.0,45.9,0,0.0,487,6,6.5
740,670,0,168.892,-19.262,113.7,26.2,0,0.0,475,5,6.6
741,754,0,142.619,37.812,10.0,61.2,0,0.0,568,5,7.0
742,691,0,144.57,42.648,32.0,55.4,0,0.0,556,6,6.7
743,691,0,87.721,50.211,10.0,24.5,0,0.0,643,7,6.7
744,650,0,144.38,42.45,25.0,71.3,0,0.0,586,5,6.5
745,820,0,87.813,50.038,16.0,24.5,0,0.0,667,7,7.3
746,842,0,143.593,41.774,33.0,78.8,0,0.0,514,7,7.4
747,1024,0,143.91,41.815,27.0,0.0,1,0.0,0,9,8.16
748,670,0,95.672,19.917,10.0,24.7,0,0.0,518,7,6.6
749,798,0,167.144,-45.104,28.0,17.5,0,0.0,428,7,7.2
750,889,0,-43.411,-60.532,10.0,25.2,0,0.0,315,6,7.6
751,650,0,152.174,-3.828,33.0,31.4,0,0.0,156,6,6.5
752,711,0,-71.637,-30.608,33.0,39.1,0,0.0,398,7,6.8
753,732,0,159.999,55.492,174.8,26.7,0,0.0,733,5,6.9
754,670,0,152.502,-5.095,33.0,27.8,0,0.0,419,6,6.6
755,754,0,128.855,2.354,31.0,30.3,0,0.0,473,6,7.0
756,754,0,141.568,38.849,68.0,19.1,0,0.0,690,7,7.0
757,711,0,3.634,36.964,12.0,19.4,0,0.0,534,9,6.8
758,650,0,120.743,-8.294,33.0,28.7,0,0.0,247,7,6.5
759,711,0,153.238,-4.694,40.2,38.4,0,0.0,431,7,6.8
760,889,0,-104.104,18.77,24.0,0.0,0,0.0,551,7,7.6
761,650,0,-90.774,13.626,24.0,0.0,0,0.0,316,6,6.5
762,820,0,160.77,-10.491,33.0,0.0,0,0.0,457,6,7.3
763,691,0,153.701,-5.311,71.9,0.0,0,0.0,323,5,6.7
764,691,0,153.275,-4.786,34.0,0.0,0,0.0,453,6,6.7
765,1750,8,-147.453,63.5141,4.2,0.0,0,0.0,0,9,7.9
766,842,0,96.085,2.824,30.0,0.0,0,0.0,418,7,7.4
767,670,0,-147.912,63.5144,4.2,0.0,0,0.0,0,7,6.6
768,691,0,133.973,-1.511,10.0,0.0,0,0.0,250,7,6.7
769,889,0,134.297,-1.757,10.0,0.0,0,0.0,375,7,7.6
770,650,0,93.068,13.036,21.0,0.0,0,0.0,646,6,6.5
771,889,0,142.945,-3.302,13.0,0.0,0,0.0,428,7,7.6
772,650,0,146.199,14.101,30.0,0.0,0,0.0,260,4,6.5
773,650,0,-82.793,7.929,10.0,0.0,0,0.0,533,7,6.5
774,650,0,49.047,35.626,10.0,0.0,0,0.0,555,8,6.5
775,670,0,-71.124,-30.805,54.0,0.0,0,0.0,420,7,6.6
776,691,0,166.383,-12.592,33.0,0.0,0,0.0,272,5,6.7
777,776,0,144.619,13.088,85.7,0.0,0,0.0,257,7,7.1
778,691,0,-70.586,-27.535,62.0,0.0,0,0.0,462,7,6.7
779,711,0,-100.865,16.985,24.9,0.0,0,0.0,292,6,6.8
780,776,0,122.179,24.279,32.8,0.0,0,0.0,550,6,7.1
781,650,0,-68.329,-21.663,125.1,0.0,0,0.0,486,5,6.5
782,865,0,124.249,6.033,31.0,0.0,0,0.0,321,7,7.5
783,842,0,70.482,36.502,225.6,0.0,0,0.0,138,5,7.4
784,670,0,151.248,-5.345,39.0,0.0,0,0.0,444,6,6.6
785,650,0,31.271,38.573,5.0,0.0,0,0.0,482,7,6.5
786,691,0,142.427,-3.212,11.0,0.0,0,0.0,333,8,6.7
787,670,0,168.004,-17.664,10.0,0.0,0,0.0,386,6,6.6
788,798,0,167.856,-17.6,21.0,0.0,0,0.0,427,6,7.2
789,711,0,159.53,-9.613,16.0,0.0,0,0.0,385,7,6.8
790,711,0,122.734,23.954,14.0,0.0,0,0.0,499,5,6.8
791,650,0,141.089,39.402,123.8,0.0,0,0.0,605,5,6.5
792,936,0,90.541,35.946,10.0,0.0,0,0.0,368,9,7.8
793,754,0,150.196,-5.912,33.0,0.0,0,0.0,254,7,7.0
794,865,0,123.907,-4.102,33.0,0.0,0,0.0,234,6,7.5
795,754,0,144.98,12.686,37.0,0.0,0,0.0,482,6,7.0
796,650,0,133.13,-0.578,33.0,0.0,0,0.0,174,6,6.5
797,754,6,-154.701,58.775,131.8,0.0,0,0.0,0,6,6.6
798,650,0,24.244,39.059,10.0,0.0,0,0.0,483,8,6.5
799,889,0,-72.077,-17.543,33.0,0.0,0,0.0,398,7,7.6
800,670,0,-73.987,-16.086,62.0,0.0,0,0.0,324,7,6.6
801,691,0,-71.649,-17.745,24.0,0.0,0,0.0,422,6,6.7
802,1086,0,-73.641,-16.265,33.0,0.0,1,0.0,518,8,8.4
803,691,0,155.865,-7.41,17.0,0.0,0,0.0,282,6,6.7
804,711,0,132.526,34.083,50.0,0.0,0,0.0,596,7,6.8
805,650,0,128.02,-4.029,33.0,0.0,0,0.0,206,6,6.5
806,1441,7,-122.727,47.149,51.798,31.0,0,0.0,67,7,6.8
807,776,0,126.249,1.271,35.0,0.0,0,0.0,426,7,7.1
808,842,0,102.562,-4.68,36.0,0.0,0,0.0,221,6,7.4
809,670,0,-88.938,13.671,10.0,0.0,0,0.0,273,8,6.6
810,912,0,70.232,23.419,16.0,0.0,0,0.0,472,9,7.7
811,732,0,101.776,-4.022,28.0,0.0,0,0.0,117,6,6.9
812,912,0,-88.66,13.049,60.0,0.0,0,0.0,427,8,7.7
813,745,5,-153.281,56.7744,36.4,0.0,0,0.0,0,7,6.9
814,776,0,167.17,-14.928,103.0,0.0,0,0.0,372,7,7.1
815,711,0,126.899,6.631,33.0,0.0,0,0.0,64,5,6.8
816,865,0,126.579,6.898,33.0,0.0,0,0.0,324,7,7.5
817,650,0,152.725,-4.218,31.0,0.0,0,0.0,401,7,6.5
818,754,0,54.799,39.566,30.0,0.0,0,0.0,495,7,7.0
819,650,0,49.954,40.167,33.0,0.0,0,0.0,268,6,6.5
820,711,0,49.946,40.245,50.4,0.0,0,0.0,446,6,6.8
821,711,0,151.771,-5.228,33.0,0.0,0,0.0,402,6,6.8
822,670,0,153.181,-5.097,33.0,0.0,0,0.0,267,6,6.6
823,936,0,151.781,-5.496,33.0,0.0,0,0.0,346,7,7.8
824,650,0,153.226,-4.827,33.0,0.0,0,0.0,71,6,6.5
825,936,0,153.102,-5.233,30.0,0.0,0,0.0,294,7,7.8
826,985,0,152.169,-3.98,33.0,0.0,0,0.0,254,7,8.0
827,650,0,-77.829,7.042,17.0,0.0,0,0.0,462,7,6.5
828,754,0,153.945,-4.766,50.0,0.0,0,0.0,60,7,7.0
829,711,0,105.63,-6.549,38.0,0.0,0,0.0,415,6,6.8
830,691,0,133.134,35.456,10.0,0.0,0,0.0,390,8,6.7
831,754,0,166.91,-15.421,23.0,0.0,0,0.0,357,7,7.0
832,650,0,30.709,-7.977,34.0,0.0,0,0.0,415,6,6.5
833,711,0,127.394,-4.11,16.0,0.0,0,0.0,336,6,6.8
834,650,0,-102.48,18.198,45.8,0.0,0,0.0,481,6,6.5
835,711,0,142.246,48.786,10.0,0.0,0,0.0,593,7,6.8
836,670,0,166.448,-12.037,33.0,0.0,0,0.0,218,6,6.6
837,650,0,139.376,33.901,10.0,0.0,0,0.0,428,7,6.5
838,670,0,150.917,-7.747,10.0,0.0,0,0.0,367,5,6.6
839,650,0,-154.198,57.3546,42.9,0.0,0,0.0,0,6,6.5
840,650,0,-20.758,63.98,10.0,0.0,0,0.0,351,9,6.5
841,960,0,97.453,-13.802,10.0,0.0,0,0.0,405,5,7.9
842,650,0,-20.487,63.966,10.0,0.0,0,0.0,406,8,6.5
843,691,0,101.905,-4.612,33.0,0.0,0,0.0,352,5,6.7
844,691,0,102.102,-4.646,33.0,0.0,0,0.0,147,5,6.7
845,960,0,102.087,-4.721,33.0,0.0,0,0.0,379,8,7.9
846,798,0,-66.452,-23.548,225.0,0.0,0,0.0,0,5,7.2
847,889,0,123.573,-1.105,26.0,0.0,0,0.0,0,7,7.6
848,670,0,143.807,-6.817,10.0,0.0,0,0.0,0,8,6.6
849,670,0,150.876,-5.844,33.0,0.0,0,0.0,0,6,6.6
850,711,0,146.837,43.046,61.1,0.0,0,0.0,0,6,6.8
851,798,0,-174.248,-16.925,183.4,0.0,0,0.0,0,6,7.2
852,732,0,165.354,-10.86,33.0,0.0,0,0.0,0,6,6.9
853,650,0,105.555,-6.845,56.0,0.0,0,0.0,0,6,6.5
854,820,0,119.74,15.766,33.0,0.0,0,0.0,0,7,7.3
855,754,0,-154.347,57.3424,43.6,0.0,0,0.0,0,7,7.0
856,670,0,-69.171,-18.901,128.1,0.0,0,0.0,0,5,6.6
857,865,0,168.214,-16.423,33.0,0.0,0,0.0,0,7,7.5
858,754,0,148.763,-6.351,33.0,0.0,0,0.0,0,6,7.0
859,732,0,148.82,-5.978,47.5,0.0,0,0.0,0,6,6.9
860,798,0,31.161,40.758,10.0,0.0,0,0.0,0,9,7.2
861,650,0,71.24,36.522,228.4,0.0,0,0.0,0,4,6.5
862,1576,8,-116.265,34.6033,13.73,57.0,0,0.0,73,8,7.1
863,865,0,-96.931,16.059,60.6,0.0,0,0.0,0,8,7.5
864,650,0,121.158,23.738,17.0,0.0,0,0.0,0,7,6.5
865,912,0,120.982,23.772,33.0,0.0,0,0.0,0,9,7.7
866,670,0,168.039,-16.117,33.0,0.0,0,0.0,0,6,6.6
867,732,0,-84.159,9.044,20.0,0.0,0,0.0,0,6,6.9
868,889,0,29.864,40.748,17.0,0.0,0,0.0,0,9,7.6
869,691,0,-88.33,15.782,10.0,0.0,0,0.0,0,8,6.7
870,754,0,-97.436,18.386,70.0,0.0,0,0.0,0,7,7.0
871,670,0,152.877,-5.165,27.0,0.0,0,0.0,0,5,6.6
872,776,0,152.486,-4.751,73.7,0.0,0,0.0,0,7,7.1
873,776,0,150.88,-5.159,138.0,0.0,0,0.0,0,7,7.1
874,711,0,-176.46,-21.422,164.2,0.0,0,0.0,0,5,6.8
875,842,0,149.568,-5.591,150.0,0.0,0,0.0,0,7,7.4
876,711,0,-72.662,-16.66,87.2,0.0,0,0.0,0,7,6.8
877,670,0,79.403,30.512,15.0,0.0,0,0.0,0,7,6.6
878,732,0,-177.668,51.587,33.0,0.0,0,0.0,0,6,6.9
879,732,0,159.52,52.056,56.6,0.0,0,0.0,0,5,6.9
880,776,0,121.937,5.397,33.0,0.0,0,0.0,0,6,7.1
881,670,0,57.193,28.343,33.0,0.0,0,0.0,0,7,6.6
882,820,0,166.697,-12.853,90.1,0.0,0,0.0,0,7,7.3
883,670,0,-169.123,52.886,67.2,0.0,0,0.0,0,6,6.6
884,754,0,153.235,-4.596,114.1,0.0,0,0.0,0,7,7.0
885,711,0,-176.376,-21.632,144.3,0.0,0,0.0,0,5,6.8
886,912,0,124.891,-2.071,33.0,0.0,0,0.0,0,7,7.7
887,754,0,128.946,-6.92,33.0,0.0,0,0.0,0,7,7.0
888,691,0,129.022,-6.954,33.0,0.0,0,0.0,0,6,6.7
889,670,0,112.413,-8.194,151.6,0.0,0,0.0,0,5,6.6
890,670,0,-71.715,-29.45,27.0,0.0,0,0.0,0,6,6.6
891,711,0,126.764,5.41,50.0,0.0,0,0.0,0,5,6.8
892,798,0,-80.393,-0.593,33.0,0.0,0,0.0,0,7,7.2
893,691,0,138.901,-2.693,33.0,0.0,0,0.0,0,6,6.7
894,754,0,141.926,-2.961,10.0,0.0,0,0.0,0,7,7.0
895,754,0,166.16,-11.04,110.2,0.0,0,0.0,0,7,7.0
896,670,0,70.11,37.106,33.0,0.0,0,0.0,0,6,6.6
897,670,0,-65.431,-17.731,24.0,0.0,0,0.0,0,8,6.6
898,691,0,119.584,0.207,33.0,0.0,0,0.0,0,6,6.7
899,670,0,151.714,-5.147,61.4,0.0,0,0.0,0,6,6.6
900,865,0,125.308,22.306,33.0,0.0,0,0.0,0,5,7.5
901,670,0,-74.238,-8.148,164.6,0.0,0,0.0,0,5,6.6
902,754,0,99.261,-0.544,55.7,0.0,0,0.0,0,6,7.0
903,670,0,57.605,30.154,9.0,0.0,0,0.0,0,8,6.6
904,776,0,-70.207,-23.913,42.0,0.0,0,0.0,0,7,7.1
905,691,0,-179.376,-15.848,23.4,0.0,0,0.0,0,6,6.7
906,670,0,-71.41,-30.985,34.8,0.0,0,0.0,0,7,6.6
907,670,0,-91.473,14.374,33.0,0.0,0,0.0,0,6,6.6
908,798,0,147.867,-5.495,179.3,0.0,0,0.0,0,6,7.2
909,936,0,162.035,54.841,33.0,0.0,0,0.0,0,7,7.8
910,754,0,122.536,1.241,24.0,0.0,0,0.0,0,6,7.0
911,670,0,20.656,37.57,33.0,0.0,0,0.0,0,7,6.6
912,754,0,167.375,-15.145,123.1,0.0,0,0.0,0,6,7.0
913,650,0,-88.808,13.849,176.4,0.0,0,0.0,0,4,6.5
914,865,0,87.325,35.069,33.0,0.0,0,0.0,0,7,7.5
915,798,0,-76.681,-4.368,112.0,0.0,0,0.0,0,7,7.2
916,776,0,-71.22,-30.933,58.0,0.0,0,0.0,0,7,7.1
917,936,0,-176.772,-22.101,167.3,0.0,0,0.0,0,7,7.8
918,650,0,125.779,9.79,105.6,0.0,0,0.0,0,5,6.5
919,711,0,-75.749,3.849,198.7,0.0,0,0.0,0,5,6.8
920,670,0,144.362,-3.562,22.8,0.0,0,0.0,0,6,6.6
921,732,0,-98.216,16.333,33.0,0.0,0,0.0,0,6,6.9
922,754,0,-63.486,10.598,19.9,0.0,0,0.0,0,8,7.0
923,711,0,-71.872,-30.058,19.0,0.0,0,0.0,0,6,6.8
924,650,0,-101.604,18.684,70.0,0.0,0,0.0,0,6,6.5
925,711,0,169.287,-20.438,57.0,0.0,0,0.0,0,6,6.8
926,650,0,70.945,36.411,196.0,0.0,0,0.0,0,4,6.5
927,820,0,59.809,33.825,10.0,0.0,0,0.0,0,9,7.3
928,650,0,144.901,13.986,100.8,0.0,0,0.0,0,6,6.5
929,691,0,-60.892,11.112,5.0,0.0,0,0.0,0,7,6.7
930,912,0,166.676,-12.584,33.0,0.0,0,0.0,0,6,7.7
931,650,0,147.408,-6.485,69.1,0.0,0,0.0,0,6,6.5
932,732,0,127.647,7.742,10.0,0.0,0,0.0,0,5,6.9
933,776,0,68.208,29.976,33.0,0.0,0,0.0,0,6,7.1
934,650,0,57.291,37.661,10.0,0.0,0,0.0,0,8,6.5
935,798,0,-102.756,18.219,33.0,0.0,0,0.0,0,7,7.2
936,650,0,138.92,43.207,226.5,0.0,0,0.0,0,4,6.5
937,691,0,131.314,31.789,49.2,0.0,0,0.0,0,6,6.7
938,732,0,78.133,35.345,33.0,0.0,0,0.0,0,7,6.9
939,912,0,-75.675,-14.993,33.0,0.0,0,0.0,0,7,7.7
940,691,0,131.468,31.885,22.0,0.0,0,0.0,0,7,6.7
941,670,0,131.093,30.568,10.0,0.0,0,0.0,0,7,6.6
942,711,0,155.568,-7.133,24.0,0.0,0,0.0,0,6,6.8
943,711,0,32.126,34.556,33.0,0.0,0,0.0,0,6,6.8
944,670,0,126.334,9.454,33.0,0.0,0,0.0,0,6,6.6
945,670,0,126.284,9.463,33.0,0.0,0,0.0,0,6,6.6
946,711,0,121.498,21.898,20.0,0.0,0,0.0,0,6,6.8
947,732,0,161.445,-10.769,33.0,0.0,0,0.0,0,6,6.9
948,754,0,120.45,1.0,33.0,0.0,0,0.0,0,6,7.0
949,670,0,120.254,1.016,33.0,0.0,0,0.0,0,6,6.6
950,711,0,-100.965,17.6,18.3,0.0,0,0.0,0,6,6.8
951,960,0,122.589,-7.137,587.3,0.0,0,0.0,0,4,7.9
952,776,0,125.154,12.614,33.0,0.0,0,0.0,0,6,7.1
953,820,0,-176.847,51.478,26.3,0.0,0,0.0,0,7,7.3
954,960,0,-177.632,51.564,33.0,0.0,0,0.0,0,7,7.9
955,691,0,167.13,-13.481,200.1,0.0,0,0.0,0,4,6.7
956,798,0,154.999,-6.518,44.0,0.0,0,0.0,0,6,7.2
957,670,0,-70.093,-23.944,49.5,0.0,0,0.0,0,7,6.6
958,691,0,167.297,-14.705,164.4,0.0,0,0.0,0,5,6.7
959,691,0,-86.772,11.905,33.0,0.0,0,0.0,0,6,6.7
960,670,0,-86.856,11.657,33.0,0.0,0,0.0,0,6,6.6
961,776,0,-98.07,15.978,21.1,0.0,0,0.0,0,7,7.1
962,865,0,-79.587,-9.593,10.0,0.0,0,0.0,0,6,7.5
963,650,0,136.225,-0.917,31.9,0.0,0,0.0,0,6,6.5
964,650,0,135.84,-0.567,19.2,0.0,0,0.0,0,6,6.5
965,1007,0,136.952,-0.891,33.0,0.0,1,0.0,0,8,8.09
966,691,0,142.38,37.353,40.8,0.0,0,0.0,0,4,6.7
967,798,0,149.892,45.324,42.6,0.0,0,0.0,0,6,7.2
968,670,0,100.276,27.291,11.1,0.0,0,0.0,0,10,6.6
969,670,0,159.586,53.826,33.0,0.0,0,0.0,0,7,6.6
970,960,0,119.931,0.729,24.0,0.0,0,0.0,0,8,7.9
971,776,0,129.151,-6.903,141.9,0.0,0,0.0,0,6,7.1
972,650,0,140.233,-3.703,63.4,0.0,0,0.0,0,6,6.5
973,960,0,149.3,44.663,33.0,0.0,0,0.0,0,6,7.9
974,798,0,34.799,28.826,10.0,0.0,0,0.0,0,9,7.2
975,691,0,-71.417,-28.906,19.9,0.0,0,0.0,0,7,6.7
976,798,0,-93.469,16.84,159.3,0.0,0,0.0,0,6,7.2
977,711,0,130.148,28.094,19.7,0.0,0,0.0,0,6,6.8
978,776,0,130.175,27.929,28.4,0.0,0,0.0,0,6,7.1
979,985,0,-104.205,19.055,33.0,0.0,0,0.0,0,8,8.0
980,711,0,101.436,-2.045,33.0,0.0,0,0.0,0,7,6.8
981,650,0,-77.851,-2.778,16.7,0.0,0,0.0,0,7,6.5
982,754,0,-77.881,-2.75,24.4,0.0,0,0.0,0,7,7.0
983,650,0,-78.581,-10.68,59.9,0.0,0,0.0,0,5,6.5
984,842,0,-98.597,16.779,23.0,0.0,0,0.0,0,7,7.4
985,670,0,-110.284,26.092,12.2,0.0,0,0.0,0,5,6.6
986,670,0,-75.577,5.139,119.6,0.0,0,0.0,0,6,6.6
987,798,0,154.347,-5.771,33.0,0.0,0,0.0,0,6,7.2
988,670,0,153.773,-5.429,18.7,0.0,0,0.0,0,4,6.6
989,912,0,154.178,-5.799,30.1,0.0,0,0.0,0,6,7.7
990,691,0,151.515,-4.836,127.9,0.0,0,0.0,0,6,6.7
991,985,0,-70.294,-23.34,45.6,0.0,0,0.0,0,8,8.0
992,711,0,99.196,21.966,12.5,0.0,0,0.0,0,8,6.8
993,670,0,169.287,-19.544,139.4,0.0,0,0.0,0,5,6.6
994,650,0,22.283,38.401,14.2,0.0,0,0.0,0,7,6.5
995,776,0,142.827,52.629,11.0,0.0,0,0.0,0,9,7.1
996,912,0,169.9,-23.008,20.2,0.0,0,0.0,0,4,7.7
997,732,0,125.127,-8.378,11.2,0.0,0,0.0,0,6,6.9
998,670,0,21.695,40.149,14.0,0.0,0,0.0,0,9,6.6
999,776,0,125.297,12.626,16.0,0.0,0,0.0,0,7,7.1
